<?xml version="1.0" encoding="UTF-8"?>
<panorama appversion="6.1.5" apprev="17926" id="node1">
  <input levelingroll="0" leveltilesize="510" levelingpitch="0" width="265" levelbias="0.400" leveltileurl="tiles/node1/cf_%c/l_%l/c_%x/tile_%y.jpg" levelbiashidpi="1.000" overlap="1" height="265">
    <level width="265" preload="1" predecode="1" height="265"/>
    <preview color="0x808080" strip="1"/>
  </input>
  <view fovmode="3" pannorth="0">
    <start fov="70" projection="4" pan="0" tilt="0"/>
    <flyin fov="170" projection="9" pan="0" tilt="-90"/>
    <min fovpixel="2" pan="-180" tilt="-69.0873"/>
    <max fov="120" fovstereographic="270" pan="180" tilt="69.0873" fovfisheye="360"/>
  </view>
  <userdata customnodeid="" comment="" info="" longitude="" tags="Bilder" author="" description="" source="" title="" copyright="" heading="0" datetime="" nodeid="node1" latitude=""/>
  <hotspots wordwrap="1" width="180" height="20">
    <label wordwrap="1" backgroundalpha="1" borderradius="1" textcolor="0x000000" bordercolor="0x000000" backgroundcolor="0xffffff" width="180" background="1" border="1" enabled="1" textalpha="1" borderalpha="1" height="20"/>
    <polystyle backgroundalpha="0.25098" mode="0" bordercolor="0x0000ff" backgroundcolor="0x0000ff" handcursor="1" borderalpha="1"/>
  </hotspots>
  <media>
    <sound nodechangekeep="0" ambientlevel="0.000" mode="2" loop="-1" tiltsize="10.000" startmutedmobile="0" pansize="10.000" pan="-87.360" tilt="17.230" level="1.000" id="SehrGut" field="90.000">
      <source url="media/Sehr gut.mp3"/>
    </sound>
  </media>
  <transition zoomin="0" zoomoutpause="1" type="crossdissolve" zoomout="0" zoomfov="20" blendtime="1" blendcolor="0x000000" softedge="0" zoomspeed="2" enabled="1"/>
  <animation useinautorotation="0" syncanimationwithvideo="0" animsequence="Animation01"/>
  <control sensitivity="8" hideabout="0" speedwheel="1" invertwheel="0" contextprojections="0" contextfullscreen="1" invertcontrol="1" simulatemass="1" rubberband="0" lockedkeyboardzoom="0" dblclickfullscreen="0" lockedmouse="0" lockedkeyboard="0" lockedwheel="0"/>
</panorama>
